{
  "best_model": "Logistic Regression",
  "selection_metric": "recall",
  "features": [
    "mean radius",
    "mean texture",
    "mean perimeter",
    "mean area",
    "mean smoothness",
    "mean compactness",
    "mean concavity",
    "mean concave points",
    "mean symmetry",
    "mean fractal dimension",
    "radius error",
    "texture error",
    "perimeter error",
    "area error",
    "smoothness error",
    "compactness error",
    "concavity error",
    "concave points error",
    "symmetry error",
    "fractal dimension error",
    "worst radius",
    "worst texture",
    "worst perimeter",
    "worst area",
    "worst smoothness",
    "worst compactness",
    "worst concavity",
    "worst concave points",
    "worst symmetry",
    "worst fractal dimension"
  ],
  "validation_results": {
    "Logistic Regression": {
      "model": "Logistic Regression",
      "accuracy": 0.9824561403508771,
      "precision": 0.9545454545454546,
      "recall": 1.0,
      "f1_score": 0.9767441860465117,
      "roc_auc": 1.0
    },
    "SVM": {
      "model": "SVM",
      "accuracy": 1.0,
      "precision": 1.0,
      "recall": 1.0,
      "f1_score": 1.0,
      "roc_auc": 1.0
    },
    "KNN": {
      "model": "KNN",
      "accuracy": 0.9824561403508771,
      "precision": 1.0,
      "recall": 0.9523809523809523,
      "f1_score": 0.975609756097561,
      "roc_auc": 0.996031746031746
    },
    "Random Forest": {
      "model": "Random Forest",
      "accuracy": 0.9824561403508771,
      "precision": 1.0,
      "recall": 0.9523809523809523,
      "f1_score": 0.975609756097561,
      "roc_auc": 0.9986772486772487
    },
    "Decision Tree": {
      "model": "Decision Tree",
      "accuracy": 0.9473684210526315,
      "precision": 0.9090909090909091,
      "recall": 0.9523809523809523,
      "f1_score": 0.9302325581395349,
      "roc_auc": 0.9265873015873014
    }
  },
  "cross_validation": {
    "Logistic Regression": {
      "mean": 0.9397701149425288,
      "std": 0.0488666640170999
    },
    "KNN": {
      "mean": 0.9062068965517242,
      "std": 0.057142045556020565
    },
    "SVM": {
      "mean": 0.953103448275862,
      "std": 0.03390629257106881
    },
    "Random Forest": {
      "mean": 0.9393103448275862,
      "std": 0.03960032855837894
    },
    "Decision Tree": {
      "mean": 0.8724137931034484,
      "std": 0.06475662538392309
    }
  },
  "test_metrics": {
    "model_name": "Logistic Regression",
    "accuracy": 0.9649122807017544,
    "precision": 0.975,
    "recall": 0.9285714285714286,
    "f1_score": 0.951219512195122,
    "roc_auc": 0.996031746031746,
    "confusion_matrix": [
      [
        71,
        1
      ],
      [
        3,
        39
      ]
    ]
  },
  "test_classification_report": "              precision    recall  f1-score   support\n\n           0       0.96      0.99      0.97        72\n           1       0.97      0.93      0.95        42\n\n    accuracy                           0.96       114\n   macro avg       0.97      0.96      0.96       114\nweighted avg       0.97      0.96      0.96       114\n"
}